{"cameraMode":{"drawMode":0,"name":"Shaded","section":"Shading Mode"},"sceneLighting":true,"audioPlay":false,"sceneViewState":{"showFog":true,"showMaterialUpdate":true,"showSkybox":false,"showFlares":true,"showImageEffects":true,"showParticleSystems":true},"in2DMode":false,"pivot":{"x":0.0,"y":0.1899999976158142,"z":-4.300000190734863},"rotation":{"x":-0.25209614634513857,"y":-0.11809378862380982,"z":0.03101217932999134,"w":-0.9599701762199402},"size":1.5452344417572022,"orthographic":false}